<?xml version="1.0" encoding="utf-8" ?>
<dwsync>
<file name="fa-brands-400.ttf" server="C:/wamp64/www/online_pwa/" local="133941008910000000" remote="133941008910000000" Dst="0" />
<file name="fa-brands-400.woff2" server="C:/wamp64/www/online_pwa/" local="133941008910000000" remote="133941008910000000" Dst="0" />
<file name="fa-regular-400.ttf" server="C:/wamp64/www/online_pwa/" local="133941008910000000" remote="133941008910000000" Dst="0" />
<file name="fa-regular-400.woff2" server="C:/wamp64/www/online_pwa/" local="133941008910000000" remote="133941008910000000" Dst="0" />
<file name="fa-solid-900.ttf" server="C:/wamp64/www/online_pwa/" local="133941008920000000" remote="133941008920000000" Dst="0" />
<file name="fa-solid-900.woff2" server="C:/wamp64/www/online_pwa/" local="133941008920000000" remote="133941008920000000" Dst="0" />
<file name="fa-v4compatibility.ttf" server="C:/wamp64/www/online_pwa/" local="133941008930000000" remote="133941008930000000" Dst="0" />
<file name="fa-v4compatibility.woff2" server="C:/wamp64/www/online_pwa/" local="133941008930000000" remote="133941008930000000" Dst="0" />
</dwsync>