<?xml version="1.0" encoding="utf-8" ?>
<dwsync>
<file name="bg-shape.png" server="C:/wamp64/www/online_pwa/" local="133359528560000000" remote="133359528560000000" Dst="0" />
<file name="bootstrap-logo.png" server="C:/wamp64/www/online_pwa/" local="133359533040000000" remote="133359533040000000" Dst="0" />
<file name="error.png" server="C:/wamp64/www/online_pwa/" local="133356009280000000" remote="133356009280000000" Dst="0" />
<file name="error2.svg" server="C:/wamp64/www/online_pwa/" local="133941009100000000" remote="133941009100000000" Dst="0" />
<file name="favicon.png" server="C:/wamp64/www/online_pwa/" local="133361457060000000" remote="133361457060000000" Dst="0" />
<file name="logo-white.png" server="C:/wamp64/www/online_pwa/" local="133941114422139387" remote="133941114420000000" Dst="0" />
<file name="logo.png" server="C:/wamp64/www/online_pwa/" local="133941084236417935" remote="133941084230000000" Dst="0" />
<file name="menu-shape-dark.svg" server="C:/wamp64/www/online_pwa/" local="133941008490000000" remote="133941008490000000" Dst="0" />
<file name="menu-shape-light.svg" server="C:/wamp64/www/online_pwa/" local="133941008490000000" remote="133941008490000000" Dst="0" />
<file name="user-profile.jpg" server="C:/wamp64/www/online_pwa/" local="133108948300000000" remote="133108948300000000" Dst="0" />
<file name="user.png" server="C:/wamp64/www/online_pwa/" local="133081437180000000" remote="133081437180000000" Dst="0" />
</dwsync>