<?xml version="1.0" encoding="utf-8" ?>
<dwsync>
<file name="bank.png" server="C:/wamp64/www/online_pwa/" local="133350280640000000" remote="133350280640000000" Dst="0" />
<file name="card.png" server="C:/wamp64/www/online_pwa/" local="133350280720000000" remote="133350280720000000" Dst="0" />
<file name="cash.png" server="C:/wamp64/www/online_pwa/" local="133350280800000000" remote="133350280800000000" Dst="0" />
<file name="discount.png" server="C:/wamp64/www/online_pwa/" local="133350282900000000" remote="133350282900000000" Dst="0" />
<file name="facebook.png" server="C:/wamp64/www/online_pwa/" local="133298115440000000" remote="133298115440000000" Dst="0" />
<file name="google.png" server="C:/wamp64/www/online_pwa/" local="133080659620000000" remote="133080659620000000" Dst="0" />
<file name="pay.png" server="C:/wamp64/www/online_pwa/" local="133350280460000000" remote="133350280460000000" Dst="0" />
<file name="wallet.png" server="C:/wamp64/www/online_pwa/" local="133350280560000000" remote="133350280560000000" Dst="0" />
</dwsync>