<?xml version="1.0" encoding="utf-8" ?>
<dwsync>
<file name="pic1.jpg" server="C:/wamp64/www/online_pwa/" local="133349373720000000" remote="133349373720000000" Dst="0" />
<file name="pic2.jpg" server="C:/wamp64/www/online_pwa/" local="133349373280000000" remote="133349373280000000" Dst="0" />
<file name="pic3.jpg" server="C:/wamp64/www/online_pwa/" local="133349374160000000" remote="133349374160000000" Dst="0" />
<file name="pic4.jpg" server="C:/wamp64/www/online_pwa/" local="133349374480000000" remote="133349374480000000" Dst="0" />
<file name="pic5.jpg" server="C:/wamp64/www/online_pwa/" local="133349374900000000" remote="133349374900000000" Dst="0" />
<file name="pic6.jpg" server="C:/wamp64/www/online_pwa/" local="133349375100000000" remote="133349375100000000" Dst="0" />
<file name="pic7.jpg" server="C:/wamp64/www/online_pwa/" local="133349375340000000" remote="133349375340000000" Dst="0" />
<file name="pic8.jpg" server="C:/wamp64/www/online_pwa/" local="133349375680000000" remote="133349375680000000" Dst="0" />
</dwsync>