<?xml version="1.0" encoding="utf-8" ?>
<dwsync>
<file name="bank1.svg" server="C:/wamp64/www/online_pwa/" local="133941009080000000" remote="133941009080000000" Dst="0" />
<file name="bank2.svg" server="C:/wamp64/www/online_pwa/" local="133941009080000000" remote="133941009080000000" Dst="0" />
<file name="bank3.svg" server="C:/wamp64/www/online_pwa/" local="133941009080000000" remote="133941009080000000" Dst="0" />
<file name="bank4.svg" server="C:/wamp64/www/online_pwa/" local="133941009080000000" remote="133941009080000000" Dst="0" />
<file name="bank5.svg" server="C:/wamp64/www/online_pwa/" local="133941009090000000" remote="133941009090000000" Dst="0" />
<file name="bank6.svg" server="C:/wamp64/www/online_pwa/" local="133941009090000000" remote="133941009090000000" Dst="0" />
<file name="bank7.svg" server="C:/wamp64/www/online_pwa/" local="133941009090000000" remote="133941009090000000" Dst="0" />
<file name="bank8.svg" server="C:/wamp64/www/online_pwa/" local="133941009090000000" remote="133941009090000000" Dst="0" />
</dwsync>