<?xml version="1.0" encoding="utf-8" ?>
<dwsync>
<file name="address.html" server="C:/wamp64/www/online_pwa/" local="133941184850224356" remote="133941184850000000" Dst="0" />
<file name="app.js" server="C:/wamp64/www/online_pwa/" local="133941183724591111" remote="133941183720000000" Dst="0" />
<file name="cart.html" server="C:/wamp64/www/online_pwa/" local="133941185791654329" remote="133941185790000000" Dst="0" />
<file name="category.html" server="C:/wamp64/www/online_pwa/" local="133941185769090377" remote="133941185760000000" Dst="0" />
<file name="change-password.html" server="C:/wamp64/www/online_pwa/" local="133941185985598574" remote="133941185980000000" Dst="0" />
<file name="chat-list.html" server="C:/wamp64/www/online_pwa/" local="133941186184777851" remote="133941186180000000" Dst="0" />
<file name="chat.html" server="C:/wamp64/www/online_pwa/" local="133941186319311824" remote="133941186310000000" Dst="0" />
<file name="checkout.html" server="C:/wamp64/www/online_pwa/" local="133941186540472444" remote="133941186540000000" Dst="0" />
<file name="components.html" server="C:/wamp64/www/online_pwa/" local="133941186661405700" remote="133941186660000000" Dst="0" />
<file name="coupon.html" server="C:/wamp64/www/online_pwa/" local="133941186744480177" remote="133941186740000000" Dst="0" />
<file name="edit-profile.html" server="C:/wamp64/www/online_pwa/" local="133941190902465267" remote="133941190900000000" Dst="0" />
<file name="error-404.html" server="C:/wamp64/www/online_pwa/" local="133941191035291046" remote="133941191030000000" Dst="0" />
<file name="featured.html" server="C:/wamp64/www/online_pwa/" local="133941206207695936" remote="133941206200000000" Dst="0" />
<file name="filter.html" server="C:/wamp64/www/online_pwa/" local="133941206122737542" remote="133941206120000000" Dst="0" />
<file name="forgot-password.html" server="C:/wamp64/www/online_pwa/" local="133941205974261118" remote="133941205970000000" Dst="0" />
<file name="index.html" server="C:/wamp64/www/online_pwa/" local="133941180188833741" remote="133941180180000000" Dst="0" />
<file name="index.js" server="C:/wamp64/www/online_pwa/" local="133941191317186020" remote="133941191310000000" Dst="0" />
<file name="index2f35.html" server="C:/wamp64/www/online_pwa/" local="133941205771061221" remote="133941205770000000" Dst="0" />
<file name="indexd060.html" server="C:/wamp64/www/online_pwa/" local="133941205624668888" remote="133941205620000000" Dst="0" />
<file name="login.html" server="C:/wamp64/www/online_pwa/" local="133941205485777549" remote="133941205480000000" Dst="0" />
<file name="manifest.json" server="C:/wamp64/www/online_pwa/" local="133941191318131128" remote="133941191310000000" Dst="0" />
<file name="order.html" server="C:/wamp64/www/online_pwa/" local="133941205175224449" remote="133941205170000000" Dst="0" />
<file name="otp-confirm.html" server="C:/wamp64/www/online_pwa/" local="133941192354952373" remote="133941192350000000" Dst="0" />
<file name="pages.html" server="C:/wamp64/www/online_pwa/" local="133941205020025676" remote="133941205020000000" Dst="0" />
<file name="payment.html" server="C:/wamp64/www/online_pwa/" local="133941204928340742" remote="133941204920000000" Dst="0" />
<file name="product-detail.html" server="C:/wamp64/www/online_pwa/" local="133941175529087635" remote="133941175520000000" Dst="0" />
<file name="product-list.html" server="C:/wamp64/www/online_pwa/" local="133941202862435613" remote="133941202860000000" Dst="0" />
<file name="product.html" server="C:/wamp64/www/online_pwa/" local="133941202734281306" remote="133941202730000000" Dst="0" />
<file name="profile.html" server="C:/wamp64/www/online_pwa/" local="133941202642755810" remote="133941202640000000" Dst="0" />
<file name="register.html" server="C:/wamp64/www/online_pwa/" local="133941201642289406" remote="133941201640000000" Dst="0" />
<file name="search.html" server="C:/wamp64/www/online_pwa/" local="133941201441170955" remote="133941201440000000" Dst="0" />
<file name="social-image.png" server="C:/wamp64/www/online_pwa/" local="133492735470000000" remote="133492735470000000" Dst="0" />
<file name="tracking-order.html" server="C:/wamp64/www/online_pwa/" local="133941201263078072" remote="133941201260000000" Dst="0" />
<file name="ui-accordion.html" server="C:/wamp64/www/online_pwa/" local="133941200447241946" remote="133941200440000000" Dst="0" />
<file name="ui-alert.html" server="C:/wamp64/www/online_pwa/" local="133941200353321132" remote="133941200350000000" Dst="0" />
<file name="ui-avatar.html" server="C:/wamp64/www/online_pwa/" local="133941200248520499" remote="133941200240000000" Dst="0" />
<file name="ui-badge.html" server="C:/wamp64/www/online_pwa/" local="133941200155080551" remote="133941200150000000" Dst="0" />
<file name="ui-breadcrumb.html" server="C:/wamp64/www/online_pwa/" local="133941200056679513" remote="133941200050000000" Dst="0" />
<file name="ui-button-group.html" server="C:/wamp64/www/online_pwa/" local="133941199921334548" remote="133941199920000000" Dst="0" />
<file name="ui-button.html" server="C:/wamp64/www/online_pwa/" local="133941199830929897" remote="133941199830000000" Dst="0" />
<file name="ui-card.html" server="C:/wamp64/www/online_pwa/" local="133941199429650774" remote="133941199420000000" Dst="0" />
<file name="ui-collapse.html" server="C:/wamp64/www/online_pwa/" local="133941199326599349" remote="133941199320000000" Dst="0" />
<file name="ui-divider.html" server="C:/wamp64/www/online_pwa/" local="133941199240371918" remote="133941199240000000" Dst="0" />
<file name="ui-dropdown.html" server="C:/wamp64/www/online_pwa/" local="133941199128533262" remote="133941199120000000" Dst="0" />
<file name="ui-inputs.html" server="C:/wamp64/www/online_pwa/" local="133941199031723887" remote="133941199030000000" Dst="0" />
<file name="ui-lightgallery.html" server="C:/wamp64/www/online_pwa/" local="133941198945649825" remote="133941198940000000" Dst="0" />
<file name="ui-list-group.html" server="C:/wamp64/www/online_pwa/" local="133941198860530462" remote="133941198860000000" Dst="0" />
<file name="ui-modal.html" server="C:/wamp64/www/online_pwa/" local="133941198782624406" remote="133941198780000000" Dst="0" />
<file name="ui-offcanvas.html" server="C:/wamp64/www/online_pwa/" local="133941183066391093" remote="133941183060000000" Dst="0" />
<file name="ui-pagination.html" server="C:/wamp64/www/online_pwa/" local="133941198614299666" remote="133941198610000000" Dst="0" />
<file name="ui-placeholder.html" server="C:/wamp64/www/online_pwa/" local="133941198498448493" remote="133941198490000000" Dst="0" />
<file name="ui-popover.html" server="C:/wamp64/www/online_pwa/" local="133941198389333175" remote="133941198380000000" Dst="0" />
<file name="ui-progress.html" server="C:/wamp64/www/online_pwa/" local="133941198306136941" remote="133941198300000000" Dst="0" />
<file name="ui-radio.html" server="C:/wamp64/www/online_pwa/" local="133941198160704441" remote="133941198160000000" Dst="0" />
<file name="ui-scrollspy.html" server="C:/wamp64/www/online_pwa/" local="133941198060541175" remote="133941198060000000" Dst="0" />
<file name="ui-social.html" server="C:/wamp64/www/online_pwa/" local="133941197959892938" remote="133941197950000000" Dst="0" />
<file name="ui-spinners.html" server="C:/wamp64/www/online_pwa/" local="133941197857977663" remote="133941197850000000" Dst="0" />
<file name="ui-stepper.html" server="C:/wamp64/www/online_pwa/" local="133941197782293018" remote="133941197780000000" Dst="0" />
<file name="ui-switch.html" server="C:/wamp64/www/online_pwa/" local="133941197697971509" remote="133941197690000000" Dst="0" />
<file name="ui-tab.html" server="C:/wamp64/www/online_pwa/" local="133941197611736760" remote="133941197610000000" Dst="0" />
<file name="ui-timeline.html" server="C:/wamp64/www/online_pwa/" local="133941197526612411" remote="133941197520000000" Dst="0" />
<file name="ui-toast.html" server="C:/wamp64/www/online_pwa/" local="133941197449180541" remote="133941197440000000" Dst="0" />
<file name="ui-typography.html" server="C:/wamp64/www/online_pwa/" local="133941197363099909" remote="133941197360000000" Dst="0" />
<file name="welcome.html" server="C:/wamp64/www/online_pwa/" local="133941196504715360" remote="133941196500000000" Dst="0" />
<file name="wishlist.html" server="C:/wamp64/www/online_pwa/" local="133941196765826978" remote="133941196760000000" Dst="0" />
</dwsync>